{
  "hero": {
    "imgUrl": "/images/home-banner.png",
    "name": "Jenna Ortega",
    "heading": "Hay! I’m Jenna",
    "typingText": ["I'm a Designer", 1500, "I'm a Developer", 1500],
    "description": "Yet bed any for travelling assistance indulgence unpleasing. Not thoughts all exercise blessing. Indulgence way everything joy alteration boisterous the attachment.",
    "btnText": "Get in touch",
    "btnUrl": "contactus"
  },
  "socialBtns": [
    {
      "icon": "fa-brands:facebook-f",
      "iconBgClass": "facebook",
      "href": "/"
    },
    { "icon": "fa-brands:dribbble", "iconBgClass": "dribbble", "href": "/" },
    {
      "icon": "fa-brands:linkedin-in",
      "iconBgClass": "linkedin",
      "href": "/"
    }
  ],
  "brands": [
    {
      "src": "/images/brand-1.svg",
      "alt": "Logolpsum"
    },
    {
      "src": "/images/brand-2.svg",
      "alt": "Logolpsum"
    },
    {
      "src": "/images/brand-1.svg",
      "alt": "Logolpsum"
    },
    {
      "src": "/images/brand-2.svg",
      "alt": "Logolpsum"
    },
    {
      "src": "/images/brand-1.svg",
      "alt": "Logolpsum"
    },
    {
      "src": "/images/brand-2.svg",
      "alt": "Logolpsum"
    },
    {
      "src": "/images/brand-1.svg",
      "alt": "Logolpsum"
    },
    {
      "src": "/images/brand-2.svg",
      "alt": "Logolpsum"
    }
  ],
  "about": {
    "imgSrc": "/images/about-banner.png",
    "miniTitle": "About Us",
    "title": "I AM AVAILABLE FOR <span>UI UX DESIGN</span> PROJECTS",
    "description": "The standard chunk of Lorem Ipsum used since the 1500s is reproduced below for those interested. Sections 1.10.32 and 1.10.33 from de Finibus Bonorum et Malorum by Cicero are also reproduced in their exact original form, accompanied by English versions from the 1914 translation by H. Rackham.",
    "funfacts": [
      {
        "title": "Google Review",
        "number": 280
      },
      {
        "title": "Years Experience",
        "number": 15
      },
      {
        "title": "Awward Winning",
        "number": 49
      }
    ],
    "btnText": "Get in touch",
    "btnUrl": "contactus"
  },
  "projects": {
    "sectionHeading": {
      "miniTitle": "My Work",
      "title": "RECENT PROJECT"
    },
    "allProjects": [
      {
        "thumbUrl": "/images/popup-project-1.jpg",
        "title": "Website Design",
        "subTitle": "Web Design, App Design",
        "details": {
          "title": "Website Design for Marketing Agency Startup",
          "description": "Lorem ipsum dolor sit amet, consectetur adipisicing elit, sed do eiusmod tempor incididunt ut labore et dolore magna aliqua. Ut enim ad minim veniam, quis nostrud exercitation ullamco laboris nisi ut aliquip ex ea commodo consequat. <br><br>xcepteur sint occaecat cupidatat non proident, sunt in culpa qui officia deserunt mollit anim id est laborum.",
          "type": "Website",
          "langages": "PHP, HTML, CSS, JS",
          "platform": "WordPress",
          "country": "USA",
          "url": "www.example.com"
        }
      },
      {
        "thumbUrl": "/images/popup-project-2.jpg",
        "title": "Website Design",
        "subTitle": "Web Design, App Design",
        "details": {
          "title": "Website Design for Marketing Agency Startup",
          "description": "Lorem ipsum dolor sit amet, consectetur adipisicing elit, sed do eiusmod tempor incididunt ut labore et dolore magna aliqua. Ut enim ad minim veniam, quis nostrud exercitation ullamco laboris nisi ut aliquip ex ea commodo consequat. <br><br>xcepteur sint occaecat cupidatat non proident, sunt in culpa qui officia deserunt mollit anim id est laborum.",
          "type": "Website",
          "langages": "PHP, HTML, CSS, JS",
          "platform": "WordPress",
          "country": "USA",
          "url": "www.example.com"
        }
      },
      {
        "thumbUrl": "/images/popup-project-3.jpg",
        "title": "Dashboard Design",
        "subTitle": "Web Design, App Design",
        "details": {
          "title": "Website Design for Marketing Agency Startup",
          "description": "Lorem ipsum dolor sit amet, consectetur adipisicing elit, sed do eiusmod tempor incididunt ut labore et dolore magna aliqua. Ut enim ad minim veniam, quis nostrud exercitation ullamco laboris nisi ut aliquip ex ea commodo consequat. <br><br>xcepteur sint occaecat cupidatat non proident, sunt in culpa qui officia deserunt mollit anim id est laborum.",
          "type": "Website",
          "langages": "PHP, HTML, CSS, JS",
          "platform": "WordPress",
          "country": "USA",
          "url": "www.example.com"
        }
      },
      {
        "thumbUrl": "/images/popup-project-4.jpg",
        "title": "Mobile App Design",
        "subTitle": "Web Design, App Design",
        "details": {
          "title": "Website Design for Marketing Agency Startup",
          "description": "Lorem ipsum dolor sit amet, consectetur adipisicing elit, sed do eiusmod tempor incididunt ut labore et dolore magna aliqua. Ut enim ad minim veniam, quis nostrud exercitation ullamco laboris nisi ut aliquip ex ea commodo consequat. <br><br>xcepteur sint occaecat cupidatat non proident, sunt in culpa qui officia deserunt mollit anim id est laborum.",
          "type": "Website",
          "langages": "PHP, HTML, CSS, JS",
          "platform": "WordPress",
          "country": "USA",
          "url": "www.example.com"
        }
      },
      {
        "thumbUrl": "/images/popup-project-5.jpg",
        "title": "Website Design",
        "subTitle": "Web Design, App Design",
        "details": {
          "title": "Website Design for Marketing Agency Startup",
          "description": "Lorem ipsum dolor sit amet, consectetur adipisicing elit, sed do eiusmod tempor incididunt ut labore et dolore magna aliqua. Ut enim ad minim veniam, quis nostrud exercitation ullamco laboris nisi ut aliquip ex ea commodo consequat. <br><br>xcepteur sint occaecat cupidatat non proident, sunt in culpa qui officia deserunt mollit anim id est laborum.",
          "type": "Website",
          "langages": "PHP, HTML, CSS, JS",
          "platform": "WordPress",
          "country": "USA",
          "url": "www.example.com"
        }
      },
      {
        "thumbUrl": "/images/popup-project-6.jpg",
        "title": "Website Design",
        "subTitle": "Web Design, App Design",
        "details": {
          "title": "Website Design for Marketing Agency Startup",
          "description": "Lorem ipsum dolor sit amet, consectetur adipisicing elit, sed do eiusmod tempor incididunt ut labore et dolore magna aliqua. Ut enim ad minim veniam, quis nostrud exercitation ullamco laboris nisi ut aliquip ex ea commodo consequat. <br><br>xcepteur sint occaecat cupidatat non proident, sunt in culpa qui officia deserunt mollit anim id est laborum.",
          "type": "Website",
          "langages": "PHP, HTML, CSS, JS",
          "platform": "WordPress",
          "country": "USA",
          "url": "www.example.com"
        }
      }
    ]
  },
  "service": {
    "sectionHeading": {
      "miniTitle": "SERVICES",
      "title": "Design <span>services</span> I am providing"
    },
    "allService": [
      {
        "imgUrl": "/images/service-01.jpg",
        "title": "Website Design",
        "subTitle": "Lorem ipsum dolor sit amet, consectetur adipisicing elit, sed do eiusmod tempor incididunt ut labore.",
        "icon": "bi:brush-fill",
        "ratings": 5
      },
      {
        "imgUrl": "/images/service-02.jpg",
        "title": "Website Design",
        "subTitle": "Lorem ipsum dolor sit amet, consectetur adipisicing elit, sed do eiusmod tempor incididunt ut labore.",
        "icon": "bi:code-square",
        "ratings": 4.5
      },
      {
        "imgUrl": "/images/service-03.jpg",
        "title": "SEO Marketing",
        "subTitle": "Lorem ipsum dolor sit amet, consectetur adipisicing elit, sed do eiusmod tempor incididunt ut labore.",
        "icon": "bi:speedometer2",
        "ratings": 5
      },
      {
        "imgUrl": "/images/service-04.jpg",
        "title": "Graphic Design",
        "subTitle": "Lorem ipsum dolor sit amet, consectetur adipisicing elit, sed do eiusmod tempor incididunt ut labore.",
        "icon": "bi:palette",
        "ratings": 5
      }
    ]
  },
  "experience": {
    "sectionHeading": {
      "miniTitle": "Experience",
      "title": "My Work <span>Experience</span>"
    },
    "allExperience": [
      {
        "designation": "Front-end Developer",
        "company": "WELAB | REMOTE",
        "duration": "JAN 2019 - PRESENT",
        "jobType": "Full time",
        "companyTitle": "About Company",
        "companyDescription": "Lorem ipsum dolor sit amet, consectetur adipisicing elit, sed do eiusmod tempor incididunt ut labore et dolore magna aliqua. Ut enim ad minim veniam, quis nostrud exercitation ullamco laboris nisi ut aliquip ex ea commodo consequat. Duis aute irure dolor.Lorem ipsum dolor sit amet, consectetur adipisicing elit, sed do eiusmod tempor incididunt ut labore et dolore magna aliqua. Ut enim ad minim veniam, quis nostrud exercitation ."
      },
      {
        "designation": "Front-end Developer",
        "company": "WELAB | REMOTE",
        "duration": "JAN 2019 - PRESENT",
        "jobType": "Full time",
        "companyTitle": "About Company",
        "companyDescription": "Lorem ipsum dolor sit amet, consectetur adipisicing elit, sed do eiusmod tempor incididunt ut labore et dolore magna aliqua. Ut enim ad minim veniam, quis nostrud exercitation ullamco laboris nisi ut aliquip ex ea commodo consequat. Duis aute irure dolor.Lorem ipsum dolor sit amet, consectetur adipisicing elit, sed do eiusmod tempor incididunt ut labore et dolore magna aliqua. Ut enim ad minim veniam, quis nostrud exercitation ."
      },
      {
        "designation": "Front-end Developer",
        "company": "WELAB | REMOTE",
        "duration": "JAN 2019 - PRESENT",
        "jobType": "Full time",
        "companyTitle": "About Company",
        "companyDescription": "Lorem ipsum dolor sit amet, consectetur adipisicing elit, sed do eiusmod tempor incididunt ut labore et dolore magna aliqua. Ut enim ad minim veniam, quis nostrud exercitation ullamco laboris nisi ut aliquip ex ea commodo consequat. Duis aute irure dolor.Lorem ipsum dolor sit amet, consectetur adipisicing elit, sed do eiusmod tempor incididunt ut labore et dolore magna aliqua. Ut enim ad minim veniam, quis nostrud exercitation ."
      }
    ]
  },
  "testimonial": {
    "sectionHeading": {
      "miniTitle": "Testimonial",
      "title": "Over <span>8,000+</span> <br /> PEOPLE TRUST ME"
    },
    "allTestimonial": [
      {
        "reviewText": "Donec tellus sem, tempor ac purus a, porttitor lobortis purus. Etiam quis nisl eget ex pulvinar consectetur. Suspendisse potenti. Cras non elementum risus. Fusce massa tellus, consequat a rutrum et, aliquam a lacus. Quisque viverra egestas tincidunt. Nunc nec nisi sed enim consectetur ullamcorper. Vestibulum at neque tortor. Pellentesque urna enim, ultricies at tortor eu, elementum egestas leo. In hac habitasse platea dictumst.",
        "avatarImg": "/images/avatar-1.jpg",
        "avatarName": "Pamela Anders",
        "avatarCompany": "Company Name"
      },
      {
        "reviewText": "Donec tellus sem, tempor ac purus a, porttitor lobortis purus. Etiam quis nisl eget ex pulvinar consectetur. Suspendisse potenti. Cras non elementum risus. Fusce massa tellus, consequat a rutrum et, aliquam a lacus. Quisque viverra egestas tincidunt. Nunc nec nisi sed enim consectetur ullamcorper. Vestibulum at neque tortor. Pellentesque urna enim, ultricies at tortor eu, elementum egestas leo. In hac habitasse platea dictumst.",
        "avatarImg": "/images/avatar-2.jpg",
        "avatarName": "Pamela Anders",
        "avatarCompany": "Company Name"
      },
      {
        "reviewText": "Donec tellus sem, tempor ac purus a, porttitor lobortis purus. Etiam quis nisl eget ex pulvinar consectetur. Suspendisse potenti. Cras non elementum risus. Fusce massa tellus, consequat a rutrum et, aliquam a lacus. Quisque viverra egestas tincidunt. Nunc nec nisi sed enim consectetur ullamcorper. Vestibulum at neque tortor. Pellentesque urna enim, ultricies at tortor eu, elementum egestas leo. In hac habitasse platea dictumst.",
        "avatarImg": "/images/avatar-3.jpg",
        "avatarName": "Pamela Anders",
        "avatarCompany": "Company Name"
      }
    ]
  },
  "contact": {
    "sectionHeading": {
      "title": "Let’s Discuss Your Project",
      "subTitle": "Always available for freelancing if the right project comes along, Feel free to contact me."
    },
    "contactImg": "/images/contact-us.png",
    "contactInfo": [
      { "title": "Write an e-mail", "email": "sample@domain.com" },
      { "title": "write an e-mail", "tel": "+044 9696 9696 3636" }
    ]
  }
}
